{
  "properties": [
    {
      "name": "message.keys.package-type",
      "type": "java.lang.String",
      "description": "Description for message.keys.package-type."
    },
    {
      "name": "message.keys.target-type",
      "type": "java.lang.String",
      "description": "Description for message.keys.target-type."
    },
    {
      "name": "message.keys.target-id",
      "type": "java.lang.String",
      "description": "Description for message.keys.target-id."
    },
    {
      "name": "message.keys.target-module",
      "type": "java.lang.String",
      "description": "Description for message.keys.target-module."
    },
    {
      "name": "message.keys.request-id",
      "type": "java.lang.String",
      "description": "Description for message.keys.request-id."
    },
    {
      "name": "message.keys.response-type",
      "type": "java.lang.String",
      "description": "Description for message.keys.response-type."
    },
    {
      "name": "message.keys.full-message-size",
      "type": "java.lang.String",
      "description": "Description for message.keys.full-message-size."
    },
    {
      "name": "message.delimiters.value",
      "type": "java.lang.String",
      "description": "Description for message.delimiters.value."
    },
    {
      "name": "message.delimiters.section",
      "type": "java.lang.String",
      "description": "Description for message.delimiters.section."
    },
    {
      "name": "message.targets.control-side",
      "type": "java.lang.String",
      "description": "Description for message.targets.control-side."
    },
    {
      "name": "message.targets.bot-side",
      "type": "java.lang.String",
      "description": "Description for message.targets.bot-side."
    },
    {
      "name": "message.targets.server-side",
      "type": "java.lang.String",
      "description": "Description for message.targets.server-side."
    },
    {
      "name": "message.packages.first-part",
      "type": "java.lang.String",
      "description": "Description for message.packages.first-part."
    },
    {
      "name": "message.packages.continuation",
      "type": "java.lang.String",
      "description": "Description for message.packages.continuation."
    },
    {
      "name": "message.packages.last-part",
      "type": "java.lang.String",
      "description": "Description for message.packages.last-part."
    },
    {
      "name": "message.packages.single-message",
      "type": "java.lang.String",
      "description": "Description for message.packages.single-message."
    }
  ]
}